Title,Max (MGas/s),p50 (MGas/s),p95 (MGas/s),p99 (MGas/s),Min (MGas/s),N,Description,Start Time
test_worst_stateful_opcodes.py__test_worst_storage_access_cold[fork_Prague-benchmark-benchmark_test-absent_slots_True-SSTORE same value],1230.61,1230.61,1230.61,1230.61,1230.61,1,Description not found on metadata file,2025-10-22 10:28:45.151505+00
test_worst_stateful_opcodes.py__test_worst_address_state_warm[fork_Prague-benchmark_test-absent_target_False-opcode_EXTCODEHASH],1696.38,1696.38,1696.38,1696.38,1696.38,1,Description not found on metadata file,2025-10-22 10:28:38.041725+00
test_worst_stateful_opcodes.py__test_worst_selfdestruct_created[fork_Prague-benchmark-state_test-value_bearing_False],76.94,76.94,76.94,76.94,76.94,1,Description not found on metadata file,2025-10-22 10:30:16.523468+00
test_worst_stateful_opcodes.py__test_worst_address_state_cold[fork_Prague-benchmark-benchmark_test-absent_accounts_True-opcode_BALANCE],28.73,28.73,28.73,28.73,28.73,1,Description not found on metadata file,2025-10-22 10:28:12.375481+00
test_worst_stateful_opcodes.py__test_worst_selfdestruct_initcode[fork_Prague-benchmark-state_test-value_bearing_False],137.16,137.16,137.16,137.16,137.16,1,Description not found on metadata file,2025-10-22 10:30:20.599205+00
test_worst_stateful_opcodes.py__test_worst_address_state_warm[fork_Prague-benchmark_test-absent_target_False-opcode_CALL],669.23,669.23,669.23,669.23,669.23,1,Description not found on metadata file,2025-10-22 10:28:39.195656+00
"test_worst_stateful_opcodes.py__test_worst_storage_access_cold[fork_Prague-benchmark-benchmark_test-absent_slots_False-SSTORE new value, revert]",351.75,351.75,351.75,351.75,351.75,1,Description not found on metadata file,2025-10-22 10:29:08.573227+00
test_worst_stateful_opcodes.py__test_worst_blockhash[fork_Prague-benchmark-benchmark_test],477.44,477.44,477.44,477.44,477.44,1,Description not found on metadata file,2025-10-22 10:29:14.633179+00
test_worst_stateful_opcodes.py__test_worst_address_state_warm[fork_Prague-benchmark_test-absent_target_True-opcode_BALANCE],1836.24,1836.24,1836.24,1836.24,1836.24,1,Description not found on metadata file,2025-10-22 10:28:28.204399+00
test_worst_stateful_opcodes.py__test_worst_address_state_cold[fork_Prague-benchmark-benchmark_test-absent_accounts_False-opcode_BALANCE],75.86,75.86,75.86,75.86,75.86,1,Description not found on metadata file,2025-10-22 10:28:27.200638+00
"test_worst_stateful_opcodes.py__test_worst_storage_access_cold[fork_Prague-benchmark-benchmark_test-absent_slots_True-SSTORE new value, out of gas]",2640.10,2640.10,2640.10,2640.10,2640.10,1,Description not found on metadata file,2025-10-22 10:28:50.385498+00
test_worst_stateful_opcodes.py__test_worst_address_state_warm[fork_Prague-benchmark_test-absent_target_True-opcode_DELEGATECALL],707.45,707.45,707.45,707.45,707.45,1,Description not found on metadata file,2025-10-22 10:28:33.808090+00
test_worst_stateful_opcodes.py__test_worst_extcodecopy_warm[fork_Prague-benchmark-benchmark_test-512],392.60,392.60,392.60,392.60,392.60,1,Description not found on metadata file,2025-10-22 10:29:18.033440+00
test_worst_stateful_opcodes.py__test_worst_address_state_warm[fork_Prague-benchmark_test-absent_target_False-opcode_EXTCODESIZE],1652.85,1652.85,1652.85,1652.85,1652.85,1,Description not found on metadata file,2025-10-22 10:28:37.013489+00
test_worst_stateful_opcodes.py__test_worst_storage_access_cold[fork_Prague-benchmark-benchmark_test-absent_slots_False-SSLOAD],227.47,227.47,227.47,227.47,227.47,1,Description not found on metadata file,2025-10-22 10:28:53.657936+00
"test_worst_stateful_opcodes.py__test_worst_storage_access_cold[fork_Prague-benchmark-benchmark_test-absent_slots_False-SSTORE same value, out of gas]",191.19,191.19,191.19,191.19,191.19,1,Description not found on metadata file,2025-10-22 10:29:04.073769+00
test_worst_stateful_opcodes.py__test_worst_selfbalance[fork_Prague-benchmark_test-contract_balance_1],1193.96,1193.96,1193.96,1193.96,1193.96,1,Description not found on metadata file,2025-10-22 10:29:16.741066+00
"test_worst_stateful_opcodes.py__test_worst_storage_access_cold[fork_Prague-benchmark-benchmark_test-absent_slots_False-SSTORE same value, revert]",186.10,186.10,186.10,186.10,186.10,1,Description not found on metadata file,2025-10-22 10:29:00.733276+00
test_worst_stateful_opcodes.py__test_worst_address_state_warm[fork_Prague-benchmark_test-absent_target_True-opcode_STATICCALL],641.45,641.45,641.45,641.45,641.45,1,Description not found on metadata file,2025-10-22 10:28:34.971947+00
test_worst_stateful_opcodes.py__test_worst_address_state_warm[fork_Prague-benchmark_test-absent_target_False-opcode_DELEGATECALL],676.97,676.97,676.97,676.97,676.97,1,Description not found on metadata file,2025-10-22 10:28:41.536919+00
"test_worst_stateful_opcodes.py__test_worst_storage_access_cold[fork_Prague-benchmark-benchmark_test-absent_slots_True-SSTORE same value, revert]",1927.46,1927.46,1927.46,1927.46,1927.46,1,Description not found on metadata file,2025-10-22 10:28:46.168541+00
test_worst_stateful_opcodes.py__test_worst_selfbalance[fork_Prague-benchmark_test-contract_balance_0],970.21,970.21,970.21,970.21,970.21,1,Description not found on metadata file,2025-10-22 10:29:15.704109+00
test_worst_stateful_opcodes.py__test_worst_storage_access_cold[fork_Prague-benchmark-benchmark_test-absent_slots_True-SSLOAD],378.91,378.91,378.91,378.91,378.91,1,Description not found on metadata file,2025-10-22 10:28:44.002197+00
test_worst_stateful_opcodes.py__test_worst_address_state_warm[fork_Prague-benchmark_test-absent_target_True-opcode_EXTCODEHASH],2446.84,2446.84,2446.84,2446.84,2446.84,1,Description not found on metadata file,2025-10-22 10:28:30.193176+00
test_worst_stateful_opcodes.py__test_worst_storage_access_cold[fork_Prague-benchmark-benchmark_test-absent_slots_False-SSTORE same value],159.47,159.47,159.47,159.47,159.47,1,Description not found on metadata file,2025-10-22 10:28:57.308617+00
test_worst_stateful_opcodes.py__test_worst_address_state_warm[fork_Prague-benchmark_test-absent_target_False-opcode_BALANCE],2036.77,2036.77,2036.77,2036.77,2036.77,1,Description not found on metadata file,2025-10-22 10:28:35.993126+00
test_worst_stateful_opcodes.py__test_worst_extcodecopy_warm[fork_Prague-benchmark-benchmark_test-5KiB],1249.92,1249.92,1249.92,1249.92,1249.92,1,Description not found on metadata file,2025-10-22 10:29:20.292206+00
"test_worst_stateful_opcodes.py__test_worst_storage_access_cold[fork_Prague-benchmark-benchmark_test-absent_slots_False-SSTORE new value, out of gas]",474.14,474.14,474.14,474.14,474.14,1,Description not found on metadata file,2025-10-22 10:29:10.509819+00
test_worst_stateful_opcodes.py__test_worst_selfdestruct_existing[fork_Prague-benchmark-benchmark_test-value_bearing_True],206.70,206.70,206.70,206.70,206.70,1,Description not found on metadata file,2025-10-22 10:29:46.451866+00
test_worst_stateful_opcodes.py__test_worst_storage_access_cold[fork_Prague-benchmark-benchmark_test-absent_slots_True-SSTORE new value],1262.74,1262.74,1262.74,1262.74,1262.74,1,Description not found on metadata file,2025-10-22 10:28:48.332817+00
test_worst_stateful_opcodes.py__test_worst_storage_access_cold[fork_Prague-benchmark-benchmark_test-absent_slots_False-SSTORE new value],354.48,354.48,354.48,354.48,354.48,1,Description not found on metadata file,2025-10-22 10:29:06.446266+00
test_worst_stateful_opcodes.py__test_worst_address_state_warm[fork_Prague-benchmark_test-absent_target_False-opcode_CALLCODE],634.19,634.19,634.19,634.19,634.19,1,Description not found on metadata file,2025-10-22 10:28:40.370102+00
test_worst_stateful_opcodes.py__test_worst_selfdestruct_created[fork_Prague-benchmark-state_test-value_bearing_True],73.50,73.50,73.50,73.50,73.50,1,Description not found on metadata file,2025-10-22 10:30:13.663223+00
"test_worst_stateful_opcodes.py__test_worst_storage_access_cold[fork_Prague-benchmark-benchmark_test-absent_slots_True-SSTORE same value, out of gas]",1886.31,1886.31,1886.31,1886.31,1886.31,1,Description not found on metadata file,2025-10-22 10:28:47.198685+00
test_worst_stateful_opcodes.py__test_worst_address_state_warm[fork_Prague-benchmark_test-absent_target_True-opcode_CALL],492.30,492.30,492.30,492.30,492.30,1,Description not found on metadata file,2025-10-22 10:28:31.439156+00
test_worst_stateful_opcodes.py__test_worst_address_state_warm[fork_Prague-benchmark_test-absent_target_True-opcode_CALLCODE],528.05,528.05,528.05,528.05,528.05,1,Description not found on metadata file,2025-10-22 10:28:32.676888+00
test_worst_stateful_opcodes.py__test_worst_address_state_warm[fork_Prague-benchmark_test-absent_target_True-opcode_EXTCODESIZE],2423.14,2423.14,2423.14,2423.14,2423.14,1,Description not found on metadata file,2025-10-22 10:28:29.193909+00
test_worst_stateful_opcodes.py__test_worst_extcodecopy_warm[fork_Prague-benchmark-benchmark_test-1KiB],517.50,517.50,517.50,517.50,517.50,1,Description not found on metadata file,2025-10-22 10:29:19.252403+00
test_worst_stateful_opcodes.py__test_worst_address_state_warm[fork_Prague-benchmark_test-absent_target_False-opcode_STATICCALL],702.20,702.20,702.20,702.20,702.20,1,Description not found on metadata file,2025-10-22 10:28:42.686211+00
"test_worst_stateful_opcodes.py__test_worst_storage_access_cold[fork_Prague-benchmark-benchmark_test-absent_slots_True-SSTORE new value, revert]",1932.12,1932.12,1932.12,1932.12,1932.12,1,Description not found on metadata file,2025-10-22 10:28:49.385963+00
test_worst_stateful_opcodes.py__test_worst_selfdestruct_existing[fork_Prague-benchmark-benchmark_test-value_bearing_False],245.90,245.90,245.90,245.90,245.90,1,Description not found on metadata file,2025-10-22 10:30:10.692131+00
test_worst_stateful_opcodes.py__test_worst_selfdestruct_initcode[fork_Prague-benchmark-state_test-value_bearing_True],136.32,136.32,136.32,136.32,136.32,1,Description not found on metadata file,2025-10-22 10:30:18.576828+00
