Test Case,Gas,Run 1,Description
test_worst_stateful_opcodes.py__test_worst_storage_access_cold[fork_Prague-benchmark-benchmark_test-absent_slots_True-SSTORE same value],150,122.66847,Description not found on metadata file
test_worst_stateful_opcodes.py__test_worst_address_state_warm[fork_Prague-benchmark_test-absent_target_False-opcode_EXTCODEHASH],150,75.45517099999999,Description not found on metadata file
test_worst_stateful_opcodes.py__test_worst_selfdestruct_created[fork_Prague-benchmark-state_test-value_bearing_False],150,2099.329611,Description not found on metadata file
test_worst_stateful_opcodes.py__test_worst_address_state_cold[fork_Prague-benchmark-benchmark_test-absent_accounts_True-opcode_BALANCE],150,5302.530365,Description not found on metadata file
test_worst_stateful_opcodes.py__test_worst_selfdestruct_initcode[fork_Prague-benchmark-state_test-value_bearing_False],150,1208.8563769999998,Description not found on metadata file
test_worst_stateful_opcodes.py__test_worst_address_state_warm[fork_Prague-benchmark_test-absent_target_False-opcode_CALL],150,256.760906,Description not found on metadata file
"test_worst_stateful_opcodes.py__test_worst_storage_access_cold[fork_Prague-benchmark-benchmark_test-absent_slots_False-SSTORE new value, revert]",150,318.53567499999997,Description not found on metadata file
test_worst_stateful_opcodes.py__test_worst_blockhash[fork_Prague-benchmark-benchmark_test],150,345.271883,Description not found on metadata file
test_worst_stateful_opcodes.py__test_worst_address_state_warm[fork_Prague-benchmark_test-absent_target_True-opcode_BALANCE],150,110.847472,Description not found on metadata file
test_worst_stateful_opcodes.py__test_worst_address_state_cold[fork_Prague-benchmark-benchmark_test-absent_accounts_False-opcode_BALANCE],150,2026.533772,Description not found on metadata file
"test_worst_stateful_opcodes.py__test_worst_storage_access_cold[fork_Prague-benchmark-benchmark_test-absent_slots_True-SSTORE new value, out of gas]",150,55.132146,Description not found on metadata file
test_worst_stateful_opcodes.py__test_worst_address_state_warm[fork_Prague-benchmark_test-absent_target_True-opcode_DELEGATECALL],150,238.286927,Description not found on metadata file
test_worst_stateful_opcodes.py__test_worst_extcodecopy_warm[fork_Prague-benchmark-benchmark_test-512],150,383.16351499999996,Description not found on metadata file
test_worst_stateful_opcodes.py__test_worst_address_state_warm[fork_Prague-benchmark_test-absent_target_False-opcode_EXTCODESIZE],150,80.472877,Description not found on metadata file
test_worst_stateful_opcodes.py__test_worst_storage_access_cold[fork_Prague-benchmark-benchmark_test-absent_slots_False-SSLOAD],150,653.935931,Description not found on metadata file
"test_worst_stateful_opcodes.py__test_worst_storage_access_cold[fork_Prague-benchmark-benchmark_test-absent_slots_False-SSTORE same value, out of gas]",150,716.996212,Description not found on metadata file
test_worst_stateful_opcodes.py__test_worst_selfbalance[fork_Prague-benchmark_test-contract_balance_1],150,121.674673,Description not found on metadata file
"test_worst_stateful_opcodes.py__test_worst_storage_access_cold[fork_Prague-benchmark-benchmark_test-absent_slots_False-SSTORE same value, revert]",150,817.58762,Description not found on metadata file
test_worst_stateful_opcodes.py__test_worst_address_state_warm[fork_Prague-benchmark_test-absent_target_True-opcode_STATICCALL],150,236.583735,Description not found on metadata file
test_worst_stateful_opcodes.py__test_worst_address_state_warm[fork_Prague-benchmark_test-absent_target_False-opcode_DELEGATECALL],150,243.692447,Description not found on metadata file
"test_worst_stateful_opcodes.py__test_worst_storage_access_cold[fork_Prague-benchmark-benchmark_test-absent_slots_True-SSTORE same value, revert]",150,83.384406,Description not found on metadata file
test_worst_stateful_opcodes.py__test_worst_selfbalance[fork_Prague-benchmark_test-contract_balance_0],150,122.378829,Description not found on metadata file
test_worst_stateful_opcodes.py__test_worst_storage_access_cold[fork_Prague-benchmark-benchmark_test-absent_slots_True-SSLOAD],150,414.85785599999997,Description not found on metadata file
test_worst_stateful_opcodes.py__test_worst_address_state_warm[fork_Prague-benchmark_test-absent_target_True-opcode_EXTCODEHASH],150,90.974148,Description not found on metadata file
test_worst_stateful_opcodes.py__test_worst_storage_access_cold[fork_Prague-benchmark-benchmark_test-absent_slots_False-SSTORE same value],150,952.211409,Description not found on metadata file
test_worst_stateful_opcodes.py__test_worst_address_state_warm[fork_Prague-benchmark_test-absent_target_False-opcode_BALANCE],150,73.884856,Description not found on metadata file
test_worst_stateful_opcodes.py__test_worst_extcodecopy_warm[fork_Prague-benchmark-benchmark_test-5KiB],150,121.767687,Description not found on metadata file
"test_worst_stateful_opcodes.py__test_worst_storage_access_cold[fork_Prague-benchmark-benchmark_test-absent_slots_False-SSTORE new value, out of gas]",150,308.125503,Description not found on metadata file
test_worst_stateful_opcodes.py__test_worst_selfdestruct_existing[fork_Prague-benchmark-benchmark_test-value_bearing_True],150,647.171695,Description not found on metadata file
test_worst_stateful_opcodes.py__test_worst_storage_access_cold[fork_Prague-benchmark-benchmark_test-absent_slots_True-SSTORE new value],150,125.76095799999999,Description not found on metadata file
test_worst_stateful_opcodes.py__test_worst_storage_access_cold[fork_Prague-benchmark-benchmark_test-absent_slots_False-SSTORE new value],150,410.603858,Description not found on metadata file
test_worst_stateful_opcodes.py__test_worst_address_state_warm[fork_Prague-benchmark_test-absent_target_False-opcode_CALLCODE],150,238.402493,Description not found on metadata file
test_worst_stateful_opcodes.py__test_worst_selfdestruct_created[fork_Prague-benchmark-state_test-value_bearing_True],150,2124.794673,Description not found on metadata file
"test_worst_stateful_opcodes.py__test_worst_storage_access_cold[fork_Prague-benchmark-benchmark_test-absent_slots_True-SSTORE same value, out of gas]",150,83.989778,Description not found on metadata file
test_worst_stateful_opcodes.py__test_worst_address_state_warm[fork_Prague-benchmark_test-absent_target_True-opcode_CALL],150,343.841118,Description not found on metadata file
test_worst_stateful_opcodes.py__test_worst_address_state_warm[fork_Prague-benchmark_test-absent_target_True-opcode_CALLCODE],150,280.28380899999996,Description not found on metadata file
test_worst_stateful_opcodes.py__test_worst_address_state_warm[fork_Prague-benchmark_test-absent_target_True-opcode_EXTCODESIZE],150,102.02704999999999,Description not found on metadata file
test_worst_stateful_opcodes.py__test_worst_extcodecopy_warm[fork_Prague-benchmark-benchmark_test-1KiB],150,312.344277,Description not found on metadata file
test_worst_stateful_opcodes.py__test_worst_address_state_warm[fork_Prague-benchmark_test-absent_target_False-opcode_STATICCALL],150,208.55704599999999,Description not found on metadata file
"test_worst_stateful_opcodes.py__test_worst_storage_access_cold[fork_Prague-benchmark-benchmark_test-absent_slots_True-SSTORE new value, revert]",150,92.272514,Description not found on metadata file
test_worst_stateful_opcodes.py__test_worst_selfdestruct_existing[fork_Prague-benchmark-benchmark_test-value_bearing_False],150,610.302274,Description not found on metadata file
test_worst_stateful_opcodes.py__test_worst_selfdestruct_initcode[fork_Prague-benchmark-state_test-value_bearing_True],150,1225.4790659999999,Description not found on metadata file
